Source_Wallet_ID,Dest_Wallet_ID,Amount,Timestamp,Token_Type
A1,B1,1000,2026-01-01 09:00:00,ETH
A1,C1,1000,2026-01-01 09:00:01,ETH
A1,D1,1000,2026-01-01 09:00:02,ETH
A1,E1,1000,2026-01-01 09:00:03,ETH
B1,F1,1000,2026-01-01 09:05:00,ETH
C1,F1,1000,2026-01-01 09:05:10,ETH
D1,G1,1000,2026-01-01 09:06:00,ETH
E1,G1,1000,2026-01-01 09:06:10,ETH
F1,H1,2000,2026-01-01 09:10:00,ETH
G1,H1,2000,2026-01-01 09:10:10,ETH
P2,Q2,5000,2026-01-02 09:00:00,USDT
P2,R2,5000,2026-01-02 09:00:05,USDT
Q2,S2,5000,2026-01-02 09:10:00,USDT
R2,S2,5000,2026-01-02 09:10:05,USDT
P2,T2,1000,2026-01-02 12:00:00,USDT
T2,S2,1000,2026-01-05 15:00:00,USDT
A3,B3,5000,2026-01-03 09:00:00,BTC
A3,C3,2000,2026-01-03 10:00:00,BTC
B3,D3,10000,2026-01-03 11:30:00,BTC
A3,B3,5000,2026-02-05 11:30:00,BTC
C3,D3,2000,2026-01-03 10:30:00,BTC
A4,B4,20000,2026-01-04 09:00:00,USDC
A4,C4,20000,2026-01-04 09:00:05,USDC
A4,D4,20000,2026-01-04 09:00:10,USDC
B4,E4,500,2026-01-04 17:00:00,USDC
C4,E4,500,2026-01-04 17:00:05,USDC
D4,E4,500,2026-01-04 17:00:10,USDC
A5,B5,100,2026-01-05 09:00:00,DAI
B5,C5,100,2026-01-05 12:00:00,DAI
